ID,Name,PhotoUrl
169723257,Clifton Campbell,https://randomuser.me/api/portraits/men/20.jpg
19056310,Maureen Evans,https://randomuser.me/api/portraits/women/5.jpg
779724258,Ethel Rogers,https://randomuser.me/api/portraits/women/24.jpg
524539816,Dan Mendoza,https://randomuser.me/api/portraits/men/18.jpg
19550279,Denise Hale,https://randomuser.me/api/portraits/women/1.jpg
108519528,Rachel Richards,https://randomuser.me/api/portraits/women/81.jpg
112836079,Tom Kelly,https://randomuser.me/api/portraits/men/52.jpg
377402295,Caroline Kelly,https://randomuser.me/api/portraits/women/85.jpg
954025300,Harvey Vargas,https://randomuser.me/api/portraits/men/47.jpg
434663420,Brianna Bradley,https://randomuser.me/api/portraits/women/86.jpg
